CustomerID,CustomerName,Gender,Age,City,State,CustomerSegment,SignupDate
C0001,Vivaan Saini,Male,35,Nagpur,Maharashtra,Corporate,2024-08-01
C0002,Pooja Joshi,Male,58,Delhi,Delhi,Consumer,2024-11-12
C0003,Karan Rao,Male,22,Ahmedabad,Gujarat,Consumer,2023-01-26
C0004,Vivaan Chopra,Male,41,Surat,Gujarat,Corporate,2023-06-06
C0005,Rahul Kumar,Female,57,Ludhiana,Punjab,Consumer,2025-10-12
C0006,Priya Das,Male,63,Kochi,Kerala,Corporate,2025-05-29
C0007,Sneha Saini,Female,32,Jaipur,Rajasthan,Consumer,2023-08-27
C0008,Sneha Saini,Male,50,Amritsar,Punjab,Consumer,2022-12-19
C0009,Priya Singh,Female,29,Chandigarh,Chandigarh,Consumer,2023-03-17
C0010,Isha Malhotra,Male,26,Mysuru,Karnataka,Corporate,2024-02-26
C0011,Priya Mehta,Female,36,Amritsar,Punjab,Consumer,2024-04-08
C0012,Arjun Nair,Female,60,Mumbai,Maharashtra,Small Business,2022-09-27
C0013,Kavya Kapoor,Male,52,Kanpur,Uttar Pradesh,Corporate,2022-04-07
C0014,Karan Shah,Female,43,Bhopal,Madhya Pradesh,Corporate,2023-12-25
C0015,Priya Joshi,Male,33,Surat,Gujarat,Consumer,2025-03-11
C0016,Suresh Gupta,Male,27,Bhopal,Madhya Pradesh,Corporate,2022-08-11
C0017,Vivaan Bansal,Female,33,Mumbai,Maharashtra,Small Business,2023-08-20
C0018,Riya Kumar,Female,27,Lucknow,Uttar Pradesh,Consumer,2022-08-25
C0019,Riya Shah,Male,29,Ludhiana,Punjab,Consumer,2022-12-20
C0020,Rohan Kapoor,Male,51,Ahmedabad,Gujarat,Consumer,2024-06-13
C0021,Arjun Saini,Female,26,Indore,Madhya Pradesh,Consumer,2023-02-23
C0022,Sneha Mehta,Female,23,Jaipur,Rajasthan,Corporate,2023-01-21
C0023,Vivaan Das,Female,45,Surat,Gujarat,Consumer,2025-12-25
C0024,Karan Rao,Male,33,Kolkata,West Bengal,Consumer,2022-09-09
C0025,Pooja Saini,Female,41,Indore,Madhya Pradesh,Consumer,2022-10-04
C0026,Kavya Verma,Male,27,Pune,Maharashtra,Consumer,2025-09-20
C0027,Vikas Malhotra,Female,30,Mysuru,Karnataka,Consumer,2024-03-14
C0028,Suresh Sharma,Male,40,Mumbai,Maharashtra,Small Business,2022-03-04
C0029,Priya Verma,Female,52,Chandigarh,Chandigarh,Consumer,2023-09-13
C0030,Sneha Chopra,Male,39,Bengaluru,Karnataka,Consumer,2024-04-05
C0031,Simran Mishra,Male,45,Hyderabad,Telangana,Corporate,2023-01-05
C0032,Vikas Das,Female,44,Amritsar,Punjab,Consumer,2024-03-12
C0033,Karan Yadav,Male,33,Chennai,Tamil Nadu,Consumer,2024-08-05
C0034,Simran Mehta,Female,33,Pune,Maharashtra,Consumer,2023-01-02
C0035,Vivaan Malhotra,Male,40,Delhi,Delhi,Small Business,2025-04-01
C0036,Kavya Verma,Female,22,Bengaluru,Karnataka,Corporate,2023-10-24
C0037,Suresh Singh,Male,51,Bhopal,Madhya Pradesh,Consumer,2025-11-08
C0038,Pooja Malhotra,Male,48,Lucknow,Uttar Pradesh,Consumer,2022-05-09
C0039,Amit Gupta,Male,34,Kochi,Kerala,Consumer,2023-04-19
C0040,Ananya Chopra,Male,37,Bengaluru,Karnataka,Corporate,2024-11-19
C0041,Simran Joshi,Male,35,Chennai,Tamil Nadu,Consumer,2025-07-31
C0042,Arjun Shah,Female,50,Nagpur,Maharashtra,Small Business,2022-11-20
C0043,Neha Mishra,Female,55,Chennai,Tamil Nadu,Corporate,2025-12-03
C0044,Vivaan Yadav,Female,25,Kanpur,Uttar Pradesh,Consumer,2022-10-10
C0045,Kavya Shah,Male,39,Amritsar,Punjab,Corporate,2023-08-31
C0046,Karan Shah,Male,21,Chennai,Tamil Nadu,Small Business,2023-04-06
C0047,Isha Mehta,Male,41,Ludhiana,Punjab,Consumer,2023-09-12
C0048,Riya Patel,Female,32,Ahmedabad,Gujarat,Corporate,2025-08-11
C0049,Rahul Chopra,Female,36,Mysuru,Karnataka,Small Business,2024-12-06
C0050,Neha Singh,Male,41,Bhopal,Madhya Pradesh,Consumer,2025-03-09
C0051,Isha Verma,Female,35,Kolkata,West Bengal,Small Business,2023-01-07
C0052,Isha Sharma,Male,38,Nagpur,Maharashtra,Consumer,2025-10-15
C0053,Kavya Saini,Male,55,Kochi,Kerala,Corporate,2023-09-29
C0054,Kavya Chopra,Male,57,Bhopal,Madhya Pradesh,Corporate,2024-08-10
C0055,Suresh Mishra,Male,21,Delhi,Delhi,Consumer,2024-10-16
C0056,Rohan Saini,Female,38,Bhopal,Madhya Pradesh,Consumer,2024-08-26
C0057,Ananya Malhotra,Female,59,Bhopal,Madhya Pradesh,Consumer,2024-05-29
C0058,Priya Bansal,Male,44,Amritsar,Punjab,Consumer,2023-12-03
C0059,Aarav Singh,Male,30,Mysuru,Karnataka,Consumer,2024-08-04
C0060,Rahul Singh,Female,47,Ahmedabad,Gujarat,Consumer,2025-08-15
C0061,Karan Chopra,Female,27,Lucknow,Uttar Pradesh,Consumer,2023-07-24
C0062,Pooja Malhotra,Female,21,Ahmedabad,Gujarat,Consumer,2024-01-17
C0063,Riya Bansal,Male,49,Ahmedabad,Gujarat,Consumer,2022-09-21
C0064,Vivaan Saini,Female,44,Ahmedabad,Gujarat,Small Business,2023-06-03
C0065,Ananya Kapoor,Male,55,Lucknow,Uttar Pradesh,Consumer,2025-02-01
C0066,Ananya Bansal,Female,36,Surat,Gujarat,Consumer,2024-07-24
C0067,Vivaan Bansal,Male,59,Lucknow,Uttar Pradesh,Consumer,2022-11-05
C0068,Kavya Yadav,Female,39,Delhi,Delhi,Consumer,2024-03-08
C0069,Neha Sharma,Male,54,Delhi,Delhi,Corporate,2025-04-01
C0070,Amit Joshi,Male,25,Kochi,Kerala,Consumer,2022-07-01
C0071,Meera Gupta,Female,25,Bhopal,Madhya Pradesh,Consumer,2022-04-01
C0072,Rohan Joshi,Female,56,Kanpur,Uttar Pradesh,Small Business,2023-07-28
C0073,Meera Rao,Male,58,Nagpur,Maharashtra,Corporate,2024-08-17
C0074,Aarav Gupta,Female,63,Ludhiana,Punjab,Corporate,2023-04-03
C0075,Isha Kumar,Female,35,Pune,Maharashtra,Small Business,2025-04-14
C0076,Riya Patel,Male,22,Chennai,Tamil Nadu,Small Business,2025-05-22
C0077,Simran Patel,Male,65,Hyderabad,Telangana,Consumer,2024-02-18
C0078,Karan Chopra,Male,48,Delhi,Delhi,Consumer,2023-07-08
C0079,Aditya Bansal,Female,32,Amritsar,Punjab,Consumer,2022-03-02
C0080,Priya Saini,Male,55,Lucknow,Uttar Pradesh,Consumer,2025-04-15
C0081,Meera Chopra,Male,61,Hyderabad,Telangana,Consumer,2025-08-01
C0082,Karan Joshi,Female,33,Lucknow,Uttar Pradesh,Consumer,2023-10-09
C0083,Karan Shah,Female,55,Delhi,Delhi,Corporate,2024-01-25
C0084,Amit Verma,Female,56,Kolkata,West Bengal,Corporate,2025-01-05
C0085,Amit Sharma,Female,43,Lucknow,Uttar Pradesh,Corporate,2024-10-12
C0086,Aditya Kumar,Female,49,Hyderabad,Telangana,Consumer,2022-07-17
C0087,Kavya Mishra,Female,33,Amritsar,Punjab,Consumer,2024-09-09
C0088,Pooja Malhotra,Female,62,Bengaluru,Karnataka,Consumer,2025-09-12
C0089,Sneha Verma,Male,65,Pune,Maharashtra,Consumer,2025-01-01
C0090,Simran Agarwal,Male,65,Lucknow,Uttar Pradesh,Small Business,2023-12-04
C0091,Simran Verma,Male,54,Indore,Madhya Pradesh,Small Business,2024-02-04
C0092,Suresh Chopra,Female,22,Chennai,Tamil Nadu,Small Business,2023-01-15
C0093,Suresh Joshi,Male,37,Delhi,Delhi,Small Business,2024-08-23
C0094,Arjun Mehta,Male,41,Kochi,Kerala,Small Business,2022-12-19
C0095,Rahul Yadav,Female,64,Kolkata,West Bengal,Consumer,2023-05-15
C0096,Pooja Kapoor,Male,45,Nagpur,Maharashtra,Consumer,2023-01-23
C0097,Neha Mehta,Male,45,Ahmedabad,Gujarat,Consumer,2023-05-05
C0098,Meera Kumar,Female,27,Hyderabad,Telangana,Consumer,2023-06-20
C0099,Amit Singh,Female,56,Bhopal,Madhya Pradesh,Consumer,2022-05-02
C0100,Amit Das,Male,36,Mysuru,Karnataka,Consumer,2024-11-14
C0101,Vikas Nair,Male,25,Kanpur,Uttar Pradesh,Small Business,2023-10-07
C0102,Suresh Chopra,Male,65,Lucknow,Uttar Pradesh,Consumer,2025-10-19
C0103,Suresh Patel,Female,29,Bengaluru,Karnataka,Small Business,2022-09-22
C0104,Kavya Das,Female,21,Jaipur,Rajasthan,Corporate,2024-09-04
C0105,Rohan Saini,Male,24,Pune,Maharashtra,Corporate,2022-09-19
C0106,Rohan Mishra,Female,41,Ahmedabad,Gujarat,Corporate,2024-03-10
C0107,Kavya Joshi,Male,25,Ludhiana,Punjab,Consumer,2023-12-19
C0108,Sneha Patel,Male,58,Kochi,Kerala,Corporate,2023-10-18
C0109,Vivaan Kumar,Female,44,Hyderabad,Telangana,Consumer,2024-08-14
C0110,Karan Nair,Male,35,Mysuru,Karnataka,Small Business,2025-04-24
C0111,Aditya Malhotra,Male,21,Lucknow,Uttar Pradesh,Consumer,2023-04-08
C0112,Sneha Gupta,Male,42,Surat,Gujarat,Consumer,2025-05-26
C0113,Sneha Yadav,Female,27,Kochi,Kerala,Corporate,2022-09-28
C0114,Isha Bansal,Female,65,Delhi,Delhi,Corporate,2023-03-05
C0115,Priya Verma,Female,34,Bengaluru,Karnataka,Consumer,2023-03-30
C0116,Suresh Rao,Male,42,Mysuru,Karnataka,Corporate,2025-10-24
C0117,Aarav Saini,Male,21,Mysuru,Karnataka,Consumer,2022-06-23
C0118,Suresh Mishra,Female,26,Jaipur,Rajasthan,Corporate,2023-08-01
C0119,Pooja Joshi,Male,30,Indore,Madhya Pradesh,Consumer,2023-09-13
C0120,Amit Kapoor,Female,23,Delhi,Delhi,Consumer,2025-03-14
C0121,Aditya Bansal,Female,53,Amritsar,Punjab,Consumer,2023-12-11
C0122,Vivaan Kapoor,Male,63,Ahmedabad,Gujarat,Consumer,2025-11-13
C0123,Neha Kumar,Female,65,Ahmedabad,Gujarat,Consumer,2024-12-17
C0124,Kavya Joshi,Male,32,Surat,Gujarat,Consumer,2024-10-25
C0125,Kavya Sharma,Male,56,Pune,Maharashtra,Consumer,2025-01-05
C0126,Arjun Malhotra,Male,43,Chandigarh,Chandigarh,Consumer,2022-08-25
C0127,Arjun Yadav,Male,23,Bengaluru,Karnataka,Consumer,2023-10-19
C0128,Pooja Singh,Female,25,Lucknow,Uttar Pradesh,Consumer,2024-05-06
C0129,Pooja Singh,Female,45,Surat,Gujarat,Corporate,2022-11-01
C0130,Arjun Bansal,Female,40,Ahmedabad,Gujarat,Small Business,2022-06-23
C0131,Kavya Verma,Female,21,Hyderabad,Telangana,Consumer,2022-07-18
C0132,Rohan Nair,Male,62,Chennai,Tamil Nadu,Small Business,2025-02-26
C0133,Meera Bansal,Male,53,Jaipur,Rajasthan,Consumer,2024-08-17
C0134,Karan Yadav,Female,43,Delhi,Delhi,Consumer,2023-02-16
C0135,Neha Bansal,Female,65,Chandigarh,Chandigarh,Corporate,2024-12-13
C0136,Rohan Sharma,Male,64,Mumbai,Maharashtra,Corporate,2024-10-12
C0137,Arjun Das,Male,64,Jaipur,Rajasthan,Corporate,2025-04-07
C0138,Karan Malhotra,Male,32,Surat,Gujarat,Consumer,2025-08-22
C0139,Suresh Saini,Male,60,Mumbai,Maharashtra,Corporate,2025-07-12
C0140,Vivaan Kumar,Female,43,Kochi,Kerala,Consumer,2022-09-22
C0141,Rohan Malhotra,Male,53,Chennai,Tamil Nadu,Consumer,2025-01-28
C0142,Pooja Malhotra,Female,59,Delhi,Delhi,Consumer,2023-07-28
C0143,Karan Nair,Female,28,Surat,Gujarat,Small Business,2023-08-12
C0144,Arjun Bansal,Female,41,Kanpur,Uttar Pradesh,Consumer,2024-08-03
C0145,Priya Malhotra,Male,26,Ahmedabad,Gujarat,Corporate,2024-05-29
C0146,Isha Patel,Male,33,Ludhiana,Punjab,Corporate,2023-09-06
C0147,Meera Yadav,Female,39,Jaipur,Rajasthan,Corporate,2025-12-31
C0148,Priya Agarwal,Female,59,Amritsar,Punjab,Corporate,2022-09-13
C0149,Isha Joshi,Male,59,Chennai,Tamil Nadu,Small Business,2022-05-22
C0150,Rohan Sharma,Female,38,Lucknow,Uttar Pradesh,Consumer,2022-02-12
C0151,Vikas Shah,Male,35,Nagpur,Maharashtra,Consumer,2025-04-04
C0152,Aarav Rao,Female,44,Ahmedabad,Gujarat,Consumer,2023-08-18
C0153,Priya Singh,Male,62,Mysuru,Karnataka,Consumer,2023-10-01
C0154,Amit Bansal,Male,64,Surat,Gujarat,Consumer,2024-08-06
C0155,Amit Singh,Male,31,Amritsar,Punjab,Consumer,2023-09-29
C0156,Pooja Chopra,Male,29,Indore,Madhya Pradesh,Consumer,2024-04-18
C0157,Aditya Patel,Male,52,Bhopal,Madhya Pradesh,Consumer,2022-03-27
C0158,Rahul Chopra,Male,34,Pune,Maharashtra,Consumer,2022-08-17
C0159,Sneha Mishra,Male,29,Pune,Maharashtra,Small Business,2025-09-23
C0160,Simran Saini,Female,22,Bhopal,Madhya Pradesh,Consumer,2023-10-21
C0161,Amit Singh,Male,39,Chennai,Tamil Nadu,Small Business,2022-09-02
C0162,Neha Nair,Female,38,Delhi,Delhi,Small Business,2023-06-24
C0163,Meera Gupta,Female,46,Mysuru,Karnataka,Consumer,2023-05-05
C0164,Rahul Sharma,Male,30,Amritsar,Punjab,Corporate,2023-02-05
C0165,Aditya Bansal,Male,53,Chennai,Tamil Nadu,Consumer,2023-03-05
C0166,Priya Mehta,Female,51,Mumbai,Maharashtra,Corporate,2024-12-01
C0167,Amit Shah,Female,41,Chandigarh,Chandigarh,Consumer,2022-06-05
C0168,Suresh Shah,Male,29,Nagpur,Maharashtra,Consumer,2023-03-29
C0169,Meera Yadav,Female,43,Chennai,Tamil Nadu,Consumer,2023-11-15
C0170,Rahul Das,Male,51,Delhi,Delhi,Consumer,2024-02-29
C0171,Neha Patel,Male,37,Ahmedabad,Gujarat,Small Business,2025-07-10
C0172,Neha Agarwal,Female,32,Kolkata,West Bengal,Corporate,2025-09-10
C0173,Simran Patel,Male,43,Indore,Madhya Pradesh,Corporate,2023-03-11
C0174,Meera Nair,Female,36,Hyderabad,Telangana,Small Business,2024-02-27
C0175,Arjun Verma,Male,39,Bengaluru,Karnataka,Corporate,2022-02-02
C0176,Priya Sharma,Female,36,Nagpur,Maharashtra,Consumer,2024-06-20
C0177,Rohan Joshi,Male,34,Bengaluru,Karnataka,Small Business,2022-08-12
C0178,Meera Das,Male,53,Jaipur,Rajasthan,Consumer,2022-04-18
C0179,Arjun Rao,Male,41,Mumbai,Maharashtra,Consumer,2024-09-08
C0180,Vivaan Mishra,Male,41,Kolkata,West Bengal,Consumer,2022-09-18
C0181,Isha Rao,Female,50,Indore,Madhya Pradesh,Small Business,2023-11-29
C0182,Rahul Rao,Male,37,Ludhiana,Punjab,Consumer,2022-05-28
C0183,Aditya Agarwal,Male,25,Ahmedabad,Gujarat,Consumer,2024-12-25
C0184,Suresh Yadav,Male,59,Indore,Madhya Pradesh,Consumer,2025-01-22
C0185,Aarav Saini,Male,23,Ludhiana,Punjab,Consumer,2024-04-19
C0186,Amit Chopra,Female,46,Surat,Gujarat,Consumer,2025-05-06
C0187,Karan Mehta,Male,32,Indore,Madhya Pradesh,Corporate,2023-10-01
C0188,Riya Kumar,Female,30,Pune,Maharashtra,Small Business,2022-09-30
C0189,Sneha Mishra,Male,22,Amritsar,Punjab,Consumer,2022-08-10
C0190,Vikas Patel,Female,61,Mysuru,Karnataka,Consumer,2022-11-17
C0191,Aarav Nair,Male,40,Chandigarh,Chandigarh,Consumer,2022-10-20
C0192,Simran Gupta,Male,36,Bhopal,Madhya Pradesh,Consumer,2023-04-18
C0193,Aarav Singh,Female,54,Jaipur,Rajasthan,Consumer,2022-11-10
C0194,Vivaan Shah,Female,22,Mumbai,Maharashtra,Corporate,2024-05-13
C0195,Riya Verma,Female,46,Chennai,Tamil Nadu,Corporate,2022-08-05
C0196,Sneha Verma,Male,43,Kolkata,West Bengal,Consumer,2024-06-27
C0197,Vikas Bansal,Male,45,Bhopal,Madhya Pradesh,Consumer,2023-05-04
C0198,Sneha Rao,Female,26,Bhopal,Madhya Pradesh,Consumer,2024-09-30
C0199,Aarav Verma,Male,63,Kanpur,Uttar Pradesh,Consumer,2024-01-20
C0200,Rohan Yadav,Female,31,Kochi,Kerala,Small Business,2025-08-15
C0201,Meera Saini,Male,51,Kolkata,West Bengal,Corporate,2023-10-05
C0202,Amit Das,Male,54,Kolkata,West Bengal,Small Business,2023-03-08
C0203,Suresh Agarwal,Female,36,Amritsar,Punjab,Small Business,2024-05-10
C0204,Karan Singh,Female,26,Surat,Gujarat,Corporate,2024-08-20
C0205,Simran Sharma,Male,34,Lucknow,Uttar Pradesh,Small Business,2023-10-04
C0206,Arjun Gupta,Male,57,Jaipur,Rajasthan,Consumer,2024-03-28
C0207,Rohan Singh,Female,61,Chandigarh,Chandigarh,Consumer,2023-11-19
C0208,Aarav Chopra,Male,63,Ludhiana,Punjab,Consumer,2023-03-23
C0209,Meera Singh,Male,31,Jaipur,Rajasthan,Consumer,2023-04-04
C0210,Rohan Agarwal,Male,48,Delhi,Delhi,Consumer,2025-08-18
C0211,Simran Chopra,Female,27,Pune,Maharashtra,Consumer,2024-09-13
C0212,Kavya Bansal,Female,52,Pune,Maharashtra,Corporate,2022-05-20
C0213,Karan Verma,Male,39,Jaipur,Rajasthan,Corporate,2025-11-06
C0214,Riya Shah,Male,53,Ahmedabad,Gujarat,Consumer,2024-11-06
C0215,Aarav Mishra,Male,51,Amritsar,Punjab,Consumer,2022-03-15
C0216,Vivaan Mishra,Male,65,Bengaluru,Karnataka,Corporate,2024-11-29
C0217,Isha Singh,Male,42,Ludhiana,Punjab,Consumer,2024-05-11
C0218,Karan Singh,Male,36,Surat,Gujarat,Consumer,2025-08-30
C0219,Ananya Nair,Female,44,Mumbai,Maharashtra,Consumer,2023-12-16
C0220,Vivaan Mehta,Male,28,Chennai,Tamil Nadu,Consumer,2024-01-28
C0221,Meera Yadav,Male,26,Hyderabad,Telangana,Consumer,2023-04-05
C0222,Aditya Malhotra,Male,44,Indore,Madhya Pradesh,Corporate,2023-04-15
C0223,Priya Chopra,Female,58,Bhopal,Madhya Pradesh,Corporate,2024-06-21
C0224,Amit Das,Female,44,Amritsar,Punjab,Corporate,2025-04-24
C0225,Priya Patel,Male,56,Lucknow,Uttar Pradesh,Consumer,2025-07-25
C0226,Meera Nair,Female,29,Jaipur,Rajasthan,Corporate,2025-01-31
C0227,Suresh Sharma,Male,41,Hyderabad,Telangana,Corporate,2024-06-09
C0228,Ananya Bansal,Male,48,Ludhiana,Punjab,Consumer,2024-01-01
C0229,Aditya Kapoor,Female,36,Mumbai,Maharashtra,Corporate,2023-05-12
C0230,Isha Singh,Male,21,Mysuru,Karnataka,Consumer,2025-01-26
C0231,Sneha Singh,Male,24,Pune,Maharashtra,Consumer,2023-04-10
C0232,Sneha Joshi,Female,62,Jaipur,Rajasthan,Consumer,2023-01-27
C0233,Aarav Das,Male,48,Mysuru,Karnataka,Consumer,2025-06-21
C0234,Arjun Bansal,Female,32,Nagpur,Maharashtra,Consumer,2024-05-11
C0235,Arjun Nair,Male,32,Chennai,Tamil Nadu,Consumer,2023-06-02
C0236,Sneha Shah,Male,22,Indore,Madhya Pradesh,Consumer,2025-06-18
C0237,Karan Malhotra,Male,63,Kanpur,Uttar Pradesh,Small Business,2025-11-07
C0238,Neha Saini,Male,25,Amritsar,Punjab,Consumer,2023-04-10
C0239,Isha Sharma,Male,55,Bhopal,Madhya Pradesh,Consumer,2024-02-01
C0240,Pooja Singh,Male,31,Bhopal,Madhya Pradesh,Consumer,2023-12-08
C0241,Rohan Shah,Female,36,Chennai,Tamil Nadu,Small Business,2024-10-22
C0242,Rohan Saini,Male,33,Indore,Madhya Pradesh,Consumer,2025-10-21
C0243,Suresh Gupta,Male,58,Bhopal,Madhya Pradesh,Small Business,2024-03-12
C0244,Amit Agarwal,Male,22,Kochi,Kerala,Consumer,2025-03-12
C0245,Kavya Kapoor,Male,36,Chennai,Tamil Nadu,Consumer,2024-05-20
C0246,Simran Rao,Male,33,Bengaluru,Karnataka,Consumer,2025-07-19
C0247,Kavya Kapoor,Female,33,Kanpur,Uttar Pradesh,Consumer,2023-08-15
C0248,Rohan Joshi,Male,29,Bhopal,Madhya Pradesh,Corporate,2023-07-17
C0249,Aditya Mehta,Female,62,Bhopal,Madhya Pradesh,Small Business,2023-09-10
C0250,Simran Joshi,Female,38,Kanpur,Uttar Pradesh,Consumer,2025-12-26
C0251,Aditya Chopra,Male,39,Pune,Maharashtra,Small Business,2024-06-12
C0252,Meera Rao,Male,38,Kolkata,West Bengal,Consumer,2022-08-11
C0253,Rohan Malhotra,Male,65,Chandigarh,Chandigarh,Consumer,2022-03-01
C0254,Priya Gupta,Female,36,Kanpur,Uttar Pradesh,Consumer,2024-01-28
C0255,Rohan Gupta,Male,36,Hyderabad,Telangana,Consumer,2025-03-23
C0256,Meera Mishra,Female,35,Hyderabad,Telangana,Corporate,2023-12-02
C0257,Isha Shah,Female,35,Mumbai,Maharashtra,Consumer,2024-03-29
C0258,Meera Singh,Female,25,Mysuru,Karnataka,Consumer,2025-03-12
C0259,Riya Kumar,Male,48,Surat,Gujarat,Consumer,2024-01-25
C0260,Suresh Bansal,Female,22,Bengaluru,Karnataka,Consumer,2025-08-20
C0261,Vikas Singh,Male,31,Kochi,Kerala,Consumer,2024-07-21
C0262,Arjun Shah,Male,30,Mumbai,Maharashtra,Corporate,2024-12-04
C0263,Amit Yadav,Male,34,Kanpur,Uttar Pradesh,Consumer,2025-02-15
C0264,Simran Singh,Female,55,Jaipur,Rajasthan,Consumer,2024-07-04
C0265,Simran Nair,Male,47,Amritsar,Punjab,Consumer,2022-03-15
C0266,Ananya Verma,Female,65,Indore,Madhya Pradesh,Consumer,2023-09-17
C0267,Arjun Patel,Male,36,Lucknow,Uttar Pradesh,Consumer,2022-07-26
C0268,Ananya Verma,Female,62,Ahmedabad,Gujarat,Corporate,2024-01-16
C0269,Suresh Singh,Male,23,Surat,Gujarat,Small Business,2022-07-29
C0270,Priya Sharma,Male,43,Lucknow,Uttar Pradesh,Consumer,2024-01-15
C0271,Sneha Kumar,Female,56,Nagpur,Maharashtra,Small Business,2023-05-18
C0272,Arjun Verma,Male,44,Kolkata,West Bengal,Consumer,2022-01-30
C0273,Isha Kumar,Male,62,Bengaluru,Karnataka,Corporate,2022-07-02
C0274,Karan Bansal,Female,35,Jaipur,Rajasthan,Corporate,2024-01-05
C0275,Priya Chopra,Male,22,Ahmedabad,Gujarat,Corporate,2022-04-26
C0276,Isha Mehta,Male,55,Bengaluru,Karnataka,Corporate,2025-06-04
C0277,Isha Yadav,Male,24,Bengaluru,Karnataka,Consumer,2025-01-13
C0278,Meera Agarwal,Male,55,Amritsar,Punjab,Consumer,2024-11-02
C0279,Sneha Rao,Female,54,Chennai,Tamil Nadu,Consumer,2022-09-09
C0280,Kavya Rao,Female,58,Nagpur,Maharashtra,Consumer,2025-03-08
C0281,Priya Sharma,Male,42,Chandigarh,Chandigarh,Corporate,2024-07-16
C0282,Suresh Verma,Male,61,Chandigarh,Chandigarh,Consumer,2023-07-25
C0283,Riya Gupta,Male,28,Amritsar,Punjab,Consumer,2022-01-01
C0284,Rahul Gupta,Female,40,Ludhiana,Punjab,Consumer,2024-02-12
C0285,Neha Bansal,Female,26,Kochi,Kerala,Consumer,2025-03-08
C0286,Simran Joshi,Female,55,Kanpur,Uttar Pradesh,Corporate,2022-02-18
C0287,Rohan Sharma,Male,53,Mysuru,Karnataka,Corporate,2022-03-18
C0288,Aarav Mehta,Male,57,Indore,Madhya Pradesh,Consumer,2023-07-14
C0289,Simran Agarwal,Male,55,Mysuru,Karnataka,Consumer,2024-01-18
C0290,Riya Singh,Male,34,Mysuru,Karnataka,Consumer,2023-11-25
C0291,Vivaan Shah,Male,24,Amritsar,Punjab,Consumer,2023-09-15
C0292,Aditya Kumar,Female,62,Indore,Madhya Pradesh,Corporate,2023-01-08
C0293,Karan Nair,Male,43,Hyderabad,Telangana,Consumer,2022-03-29
C0294,Pooja Kumar,Male,25,Chandigarh,Chandigarh,Consumer,2022-02-15
C0295,Isha Shah,Male,62,Bhopal,Madhya Pradesh,Consumer,2022-05-25
C0296,Isha Nair,Male,65,Ludhiana,Punjab,Small Business,2024-10-05
C0297,Rahul Das,Male,41,Delhi,Delhi,Corporate,2025-02-22
C0298,Amit Shah,Male,55,Surat,Gujarat,Consumer,2023-09-28
C0299,Ananya Saini,Female,22,Nagpur,Maharashtra,Consumer,2022-04-24
C0300,Neha Kapoor,Male,25,Amritsar,Punjab,Consumer,2023-08-31
C0301,Neha Saini,Male,33,Mumbai,Maharashtra,Small Business,2025-12-11
C0302,Sneha Singh,Male,50,Kochi,Kerala,Consumer,2023-01-01
C0303,Isha Agarwal,Female,27,Nagpur,Maharashtra,Consumer,2023-12-19
C0304,Amit Agarwal,Male,22,Kolkata,West Bengal,Small Business,2024-02-25
C0305,Meera Rao,Female,51,Bengaluru,Karnataka,Corporate,2023-04-28
C0306,Isha Malhotra,Female,55,Amritsar,Punjab,Consumer,2023-10-02
C0307,Kavya Mehta,Female,54,Chennai,Tamil Nadu,Consumer,2023-11-21
C0308,Pooja Kapoor,Female,56,Chandigarh,Chandigarh,Consumer,2023-11-24
C0309,Rahul Patel,Male,57,Mumbai,Maharashtra,Consumer,2024-11-14
C0310,Vivaan Singh,Female,48,Jaipur,Rajasthan,Consumer,2024-04-28
C0311,Karan Malhotra,Male,44,Bhopal,Madhya Pradesh,Small Business,2022-03-20
C0312,Arjun Joshi,Female,59,Bhopal,Madhya Pradesh,Small Business,2022-01-10
C0313,Neha Gupta,Male,36,Bengaluru,Karnataka,Consumer,2023-08-24
C0314,Amit Mehta,Male,25,Chennai,Tamil Nadu,Consumer,2025-08-19
C0315,Priya Mehta,Male,54,Kolkata,West Bengal,Consumer,2022-02-23
C0316,Sneha Yadav,Female,33,Kanpur,Uttar Pradesh,Consumer,2022-04-14
C0317,Karan Mehta,Male,65,Lucknow,Uttar Pradesh,Corporate,2024-09-19
C0318,Arjun Chopra,Male,39,Pune,Maharashtra,Consumer,2023-10-21
C0319,Rahul Patel,Female,59,Ludhiana,Punjab,Consumer,2022-12-03
C0320,Kavya Nair,Female,22,Bengaluru,Karnataka,Consumer,2022-10-30
C0321,Pooja Nair,Male,50,Hyderabad,Telangana,Consumer,2024-08-29
C0322,Riya Malhotra,Male,41,Amritsar,Punjab,Consumer,2024-02-05
C0323,Kavya Yadav,Male,41,Surat,Gujarat,Corporate,2024-07-21
C0324,Suresh Agarwal,Female,32,Chennai,Tamil Nadu,Corporate,2023-02-14
C0325,Meera Shah,Male,64,Bhopal,Madhya Pradesh,Consumer,2024-02-09
C0326,Suresh Chopra,Female,38,Chennai,Tamil Nadu,Corporate,2025-06-10
C0327,Rahul Shah,Male,59,Kanpur,Uttar Pradesh,Consumer,2023-04-08
C0328,Ananya Agarwal,Male,40,Bengaluru,Karnataka,Corporate,2023-08-03
C0329,Kavya Kapoor,Male,23,Nagpur,Maharashtra,Consumer,2022-08-28
C0330,Vivaan Patel,Male,60,Jaipur,Rajasthan,Consumer,2024-07-22
C0331,Arjun Mishra,Female,29,Kanpur,Uttar Pradesh,Small Business,2022-02-17
C0332,Aarav Gupta,Male,33,Amritsar,Punjab,Consumer,2022-12-30
C0333,Ananya Chopra,Male,59,Chennai,Tamil Nadu,Consumer,2024-11-07
C0334,Priya Rao,Female,61,Indore,Madhya Pradesh,Consumer,2022-01-29
C0335,Simran Singh,Female,62,Ahmedabad,Gujarat,Consumer,2025-12-16
C0336,Meera Kapoor,Female,40,Mumbai,Maharashtra,Consumer,2023-08-14
C0337,Neha Kumar,Male,55,Chandigarh,Chandigarh,Consumer,2023-08-06
C0338,Neha Mishra,Female,35,Kanpur,Uttar Pradesh,Small Business,2024-02-23
C0339,Ananya Kumar,Female,54,Chennai,Tamil Nadu,Consumer,2024-07-22
C0340,Priya Nair,Male,43,Jaipur,Rajasthan,Consumer,2023-11-03
C0341,Sneha Singh,Male,23,Hyderabad,Telangana,Consumer,2025-07-15
C0342,Meera Das,Female,39,Ahmedabad,Gujarat,Corporate,2025-11-06
C0343,Arjun Shah,Male,42,Kanpur,Uttar Pradesh,Consumer,2022-10-20
C0344,Karan Bansal,Male,32,Kolkata,West Bengal,Consumer,2024-10-29
C0345,Karan Saini,Female,37,Mysuru,Karnataka,Consumer,2023-03-16
C0346,Meera Saini,Female,43,Chennai,Tamil Nadu,Corporate,2025-12-25
C0347,Simran Nair,Male,23,Jaipur,Rajasthan,Corporate,2023-01-06
C0348,Vivaan Patel,Male,27,Jaipur,Rajasthan,Consumer,2023-03-08
C0349,Sneha Bansal,Male,55,Hyderabad,Telangana,Corporate,2024-11-09
C0350,Vivaan Kumar,Male,36,Kanpur,Uttar Pradesh,Consumer,2025-02-26
C0351,Priya Kapoor,Female,48,Bengaluru,Karnataka,Consumer,2022-07-07
C0352,Arjun Verma,Female,46,Lucknow,Uttar Pradesh,Consumer,2024-03-22
C0353,Aditya Bansal,Male,45,Pune,Maharashtra,Consumer,2023-05-21
C0354,Aarav Bansal,Male,39,Jaipur,Rajasthan,Consumer,2024-06-12
C0355,Suresh Malhotra,Female,42,Ludhiana,Punjab,Consumer,2024-03-24
C0356,Pooja Agarwal,Male,58,Amritsar,Punjab,Consumer,2025-12-11
C0357,Sneha Saini,Male,64,Surat,Gujarat,Consumer,2025-09-26
C0358,Simran Saini,Male,32,Chandigarh,Chandigarh,Consumer,2024-08-13
C0359,Priya Malhotra,Female,51,Mumbai,Maharashtra,Corporate,2024-09-19
C0360,Rahul Bansal,Male,64,Hyderabad,Telangana,Corporate,2025-08-06
C0361,Aditya Nair,Female,21,Surat,Gujarat,Consumer,2022-09-26
C0362,Isha Singh,Male,56,Amritsar,Punjab,Consumer,2024-11-26
C0363,Kavya Singh,Female,43,Kanpur,Uttar Pradesh,Consumer,2025-02-02
C0364,Sneha Kumar,Male,64,Indore,Madhya Pradesh,Consumer,2022-07-06
C0365,Suresh Chopra,Male,47,Mysuru,Karnataka,Consumer,2025-07-11
C0366,Sneha Joshi,Male,58,Nagpur,Maharashtra,Consumer,2024-10-18
C0367,Simran Saini,Male,28,Mumbai,Maharashtra,Corporate,2023-05-23
C0368,Rahul Chopra,Male,27,Kanpur,Uttar Pradesh,Corporate,2023-12-09
C0369,Sneha Yadav,Male,62,Surat,Gujarat,Consumer,2023-12-17
C0370,Sneha Rao,Male,44,Mysuru,Karnataka,Consumer,2025-09-04
C0371,Isha Saini,Male,46,Ludhiana,Punjab,Small Business,2025-11-17
C0372,Neha Patel,Female,28,Chandigarh,Chandigarh,Consumer,2025-03-24
C0373,Kavya Mehta,Male,31,Chennai,Tamil Nadu,Small Business,2024-08-10
C0374,Priya Yadav,Female,57,Bengaluru,Karnataka,Consumer,2022-06-02
C0375,Amit Verma,Female,34,Chandigarh,Chandigarh,Consumer,2025-08-29
C0376,Meera Singh,Male,47,Surat,Gujarat,Consumer,2022-07-15
C0377,Vivaan Nair,Female,35,Nagpur,Maharashtra,Consumer,2022-09-01
C0378,Ananya Joshi,Female,32,Mysuru,Karnataka,Small Business,2022-04-12
C0379,Sneha Mehta,Female,28,Jaipur,Rajasthan,Consumer,2025-10-16
C0380,Aditya Mishra,Male,62,Lucknow,Uttar Pradesh,Small Business,2023-12-22
C0381,Arjun Bansal,Male,63,Nagpur,Maharashtra,Consumer,2022-12-11
C0382,Simran Nair,Male,26,Bhopal,Madhya Pradesh,Small Business,2022-04-29
C0383,Vikas Saini,Male,36,Chennai,Tamil Nadu,Small Business,2023-08-25
C0384,Neha Malhotra,Female,46,Chennai,Tamil Nadu,Consumer,2024-11-23
C0385,Aditya Mehta,Female,38,Mumbai,Maharashtra,Consumer,2025-12-24
C0386,Pooja Das,Male,53,Indore,Madhya Pradesh,Corporate,2024-03-17
C0387,Aarav Mishra,Female,32,Bengaluru,Karnataka,Consumer,2024-06-06
C0388,Isha Das,Male,23,Kochi,Kerala,Small Business,2025-05-06
C0389,Karan Singh,Female,36,Jaipur,Rajasthan,Consumer,2025-08-10
C0390,Rohan Rao,Male,47,Indore,Madhya Pradesh,Consumer,2023-02-13
C0391,Riya Kapoor,Female,29,Nagpur,Maharashtra,Consumer,2025-12-20
C0392,Aditya Singh,Female,57,Nagpur,Maharashtra,Corporate,2024-01-29
C0393,Suresh Bansal,Male,21,Amritsar,Punjab,Small Business,2025-09-20
C0394,Aarav Chopra,Male,24,Amritsar,Punjab,Consumer,2022-06-21
C0395,Priya Sharma,Female,43,Lucknow,Uttar Pradesh,Corporate,2022-05-23
C0396,Vivaan Malhotra,Male,44,Delhi,Delhi,Small Business,2025-07-16
C0397,Sneha Shah,Male,34,Bhopal,Madhya Pradesh,Consumer,2024-09-09
C0398,Karan Patel,Female,32,Chennai,Tamil Nadu,Consumer,2022-09-13
C0399,Meera Malhotra,Male,24,Bhopal,Madhya Pradesh,Corporate,2025-07-31
C0400,Amit Joshi,Male,50,Indore,Madhya Pradesh,Corporate,2022-05-30
C0401,Aarav Yadav,Male,38,Indore,Madhya Pradesh,Consumer,2024-09-23
C0402,Priya Nair,Male,26,Surat,Gujarat,Corporate,2022-10-27
C0403,Sneha Saini,Female,38,Surat,Gujarat,Consumer,2022-04-14
C0404,Priya Singh,Male,63,Lucknow,Uttar Pradesh,Small Business,2025-03-23
C0405,Vikas Das,Male,32,Delhi,Delhi,Small Business,2025-05-23
C0406,Aarav Rao,Male,61,Chennai,Tamil Nadu,Corporate,2022-06-04
C0407,Pooja Patel,Female,32,Chandigarh,Chandigarh,Consumer,2022-05-17
C0408,Kavya Shah,Male,29,Amritsar,Punjab,Consumer,2024-06-16
C0409,Aarav Singh,Female,32,Kanpur,Uttar Pradesh,Consumer,2022-02-11
C0410,Pooja Das,Female,35,Chandigarh,Chandigarh,Consumer,2024-12-26
C0411,Aarav Chopra,Female,26,Delhi,Delhi,Corporate,2025-08-30
C0412,Aditya Chopra,Female,47,Jaipur,Rajasthan,Consumer,2025-01-02
C0413,Neha Kumar,Female,36,Lucknow,Uttar Pradesh,Consumer,2022-12-04
C0414,Pooja Rao,Female,53,Indore,Madhya Pradesh,Consumer,2022-10-05
C0415,Riya Sharma,Male,43,Hyderabad,Telangana,Consumer,2024-09-21
C0416,Rahul Gupta,Female,40,Bengaluru,Karnataka,Consumer,2022-04-01
C0417,Suresh Singh,Male,42,Chennai,Tamil Nadu,Corporate,2024-02-25
C0418,Riya Saini,Male,28,Nagpur,Maharashtra,Corporate,2023-10-18
C0419,Isha Verma,Female,53,Kanpur,Uttar Pradesh,Consumer,2024-12-23
C0420,Aarav Nair,Female,25,Ahmedabad,Gujarat,Small Business,2022-10-23
C0421,Rohan Chopra,Female,53,Amritsar,Punjab,Small Business,2025-01-18
C0422,Simran Sharma,Male,65,Kochi,Kerala,Consumer,2024-10-18
C0423,Aarav Sharma,Male,55,Mumbai,Maharashtra,Corporate,2022-12-15
C0424,Arjun Kumar,Male,41,Bengaluru,Karnataka,Consumer,2023-06-06
C0425,Isha Kapoor,Male,35,Hyderabad,Telangana,Consumer,2022-04-07
C0426,Meera Shah,Male,60,Bengaluru,Karnataka,Consumer,2023-10-19
C0427,Meera Gupta,Male,32,Amritsar,Punjab,Consumer,2023-01-16
C0428,Rohan Shah,Male,42,Pune,Maharashtra,Small Business,2022-06-15
C0429,Rahul Kumar,Female,55,Delhi,Delhi,Small Business,2024-03-29
C0430,Pooja Shah,Male,62,Indore,Madhya Pradesh,Corporate,2024-04-09
C0431,Meera Nair,Female,62,Kochi,Kerala,Consumer,2022-05-06
C0432,Aditya Saini,Female,24,Bengaluru,Karnataka,Consumer,2022-09-29
C0433,Isha Chopra,Male,61,Hyderabad,Telangana,Small Business,2022-05-01
C0434,Isha Shah,Male,26,Lucknow,Uttar Pradesh,Consumer,2024-09-18
C0435,Karan Sharma,Male,47,Lucknow,Uttar Pradesh,Consumer,2023-05-09
C0436,Suresh Gupta,Female,62,Kochi,Kerala,Consumer,2022-04-14
C0437,Aditya Singh,Male,50,Kolkata,West Bengal,Consumer,2022-10-07
C0438,Pooja Agarwal,Male,63,Delhi,Delhi,Consumer,2025-11-26
C0439,Priya Mishra,Female,36,Kolkata,West Bengal,Consumer,2023-01-09
C0440,Priya Kapoor,Female,35,Kanpur,Uttar Pradesh,Consumer,2024-09-27
C0441,Vivaan Rao,Male,35,Lucknow,Uttar Pradesh,Consumer,2023-11-16
C0442,Karan Verma,Male,36,Lucknow,Uttar Pradesh,Consumer,2022-09-23
C0443,Isha Mishra,Male,51,Bhopal,Madhya Pradesh,Consumer,2023-03-26
C0444,Vivaan Verma,Male,41,Amritsar,Punjab,Consumer,2022-01-21
C0445,Aarav Patel,Male,54,Mysuru,Karnataka,Small Business,2024-12-27
C0446,Vivaan Mishra,Male,39,Chennai,Tamil Nadu,Consumer,2023-05-04
C0447,Priya Das,Female,34,Surat,Gujarat,Corporate,2023-12-31
C0448,Sneha Kapoor,Male,29,Kolkata,West Bengal,Corporate,2022-08-12
C0449,Priya Kumar,Female,45,Kolkata,West Bengal,Consumer,2025-04-19
C0450,Vivaan Kapoor,Male,61,Nagpur,Maharashtra,Corporate,2022-11-16
C0451,Aarav Sharma,Female,59,Mysuru,Karnataka,Corporate,2024-04-07
C0452,Rahul Rao,Female,32,Chandigarh,Chandigarh,Consumer,2025-06-29
C0453,Suresh Mishra,Female,42,Amritsar,Punjab,Consumer,2024-11-07
C0454,Karan Verma,Female,52,Ludhiana,Punjab,Consumer,2024-05-31
C0455,Vikas Kumar,Male,48,Hyderabad,Telangana,Small Business,2025-07-21
C0456,Kavya Verma,Male,24,Pune,Maharashtra,Corporate,2022-09-15
C0457,Vikas Das,Male,47,Nagpur,Maharashtra,Small Business,2025-11-08
C0458,Ananya Malhotra,Male,22,Chennai,Tamil Nadu,Small Business,2024-03-24
C0459,Priya Saini,Female,26,Lucknow,Uttar Pradesh,Consumer,2023-08-22
C0460,Rohan Kapoor,Male,50,Indore,Madhya Pradesh,Corporate,2023-01-09
C0461,Riya Bansal,Female,25,Indore,Madhya Pradesh,Consumer,2024-12-24
C0462,Karan Singh,Male,36,Delhi,Delhi,Corporate,2025-11-27
C0463,Rahul Nair,Male,47,Chandigarh,Chandigarh,Consumer,2024-10-05
C0464,Priya Yadav,Male,50,Mysuru,Karnataka,Consumer,2022-02-17
C0465,Karan Bansal,Female,41,Nagpur,Maharashtra,Corporate,2023-11-17
C0466,Priya Chopra,Female,25,Kanpur,Uttar Pradesh,Corporate,2024-12-05
C0467,Rohan Kapoor,Male,56,Delhi,Delhi,Consumer,2023-08-04
C0468,Karan Nair,Male,63,Hyderabad,Telangana,Consumer,2025-02-03
C0469,Arjun Singh,Female,60,Kanpur,Uttar Pradesh,Consumer,2024-10-30
C0470,Suresh Agarwal,Male,54,Mysuru,Karnataka,Small Business,2022-04-09
C0471,Pooja Joshi,Female,39,Kanpur,Uttar Pradesh,Consumer,2024-03-26
C0472,Simran Malhotra,Male,60,Jaipur,Rajasthan,Consumer,2022-09-09
C0473,Aditya Singh,Male,42,Ludhiana,Punjab,Consumer,2023-12-12
C0474,Meera Singh,Male,27,Nagpur,Maharashtra,Consumer,2023-07-16
C0475,Simran Patel,Male,59,Mumbai,Maharashtra,Consumer,2025-03-24
C0476,Vivaan Yadav,Male,35,Lucknow,Uttar Pradesh,Consumer,2025-06-22
C0477,Neha Joshi,Male,63,Mysuru,Karnataka,Corporate,2023-11-06
C0478,Kavya Kapoor,Female,37,Chandigarh,Chandigarh,Small Business,2024-02-24
C0479,Karan Kapoor,Male,60,Mumbai,Maharashtra,Small Business,2024-07-03
C0480,Meera Joshi,Male,45,Kanpur,Uttar Pradesh,Consumer,2024-08-15
C0481,Arjun Joshi,Male,42,Kochi,Kerala,Consumer,2024-07-17
C0482,Isha Gupta,Male,34,Mumbai,Maharashtra,Corporate,2025-02-17
C0483,Simran Bansal,Female,58,Hyderabad,Telangana,Corporate,2025-12-05
C0484,Neha Yadav,Male,23,Amritsar,Punjab,Consumer,2025-04-24
C0485,Simran Sharma,Female,42,Lucknow,Uttar Pradesh,Corporate,2022-07-16
C0486,Rohan Joshi,Male,37,Nagpur,Maharashtra,Corporate,2023-11-27
C0487,Suresh Malhotra,Female,45,Bengaluru,Karnataka,Corporate,2023-11-05
C0488,Aditya Gupta,Male,32,Ludhiana,Punjab,Corporate,2024-01-14
C0489,Vivaan Bansal,Female,50,Indore,Madhya Pradesh,Consumer,2024-02-12
C0490,Vikas Bansal,Male,38,Chennai,Tamil Nadu,Consumer,2024-11-15
C0491,Ananya Mishra,Male,29,Jaipur,Rajasthan,Consumer,2023-09-08
C0492,Priya Kapoor,Female,29,Ludhiana,Punjab,Consumer,2023-01-20
C0493,Ananya Chopra,Female,52,Nagpur,Maharashtra,Small Business,2023-10-31
C0494,Neha Yadav,Female,32,Bengaluru,Karnataka,Consumer,2025-06-02
C0495,Rahul Saini,Male,34,Ludhiana,Punjab,Consumer,2023-04-01
C0496,Amit Agarwal,Female,49,Nagpur,Maharashtra,Corporate,2022-01-31
C0497,Arjun Joshi,Female,35,Ludhiana,Punjab,Corporate,2025-11-27
C0498,Priya Kapoor,Female,38,Jaipur,Rajasthan,Corporate,2022-10-14
C0499,Priya Mehta,Male,32,Kochi,Kerala,Consumer,2024-05-30
C0500,Meera Agarwal,Female,36,Delhi,Delhi,Small Business,2025-03-15
C0501,Isha Mishra,Female,52,Bhopal,Madhya Pradesh,Consumer,2023-02-05
C0502,Ananya Rao,Female,45,Bengaluru,Karnataka,Consumer,2023-05-13
C0503,Aditya Nair,Male,65,Delhi,Delhi,Consumer,2023-02-14
C0504,Riya Agarwal,Male,55,Chandigarh,Chandigarh,Corporate,2022-08-07
C0505,Sneha Agarwal,Female,21,Lucknow,Uttar Pradesh,Corporate,2022-08-12
C0506,Rohan Saini,Male,38,Amritsar,Punjab,Consumer,2022-09-30
C0507,Rahul Yadav,Female,34,Pune,Maharashtra,Consumer,2023-11-01
C0508,Priya Shah,Male,47,Mumbai,Maharashtra,Corporate,2024-02-15
C0509,Vikas Malhotra,Male,32,Kanpur,Uttar Pradesh,Corporate,2022-01-24
C0510,Aarav Singh,Female,64,Indore,Madhya Pradesh,Consumer,2025-05-21
C0511,Vivaan Kumar,Male,34,Kolkata,West Bengal,Small Business,2024-09-14
C0512,Riya Shah,Male,44,Ludhiana,Punjab,Corporate,2022-04-14
C0513,Isha Kumar,Female,26,Bhopal,Madhya Pradesh,Small Business,2025-05-16
C0514,Vivaan Patel,Female,61,Indore,Madhya Pradesh,Small Business,2022-02-14
C0515,Ananya Yadav,Female,62,Lucknow,Uttar Pradesh,Small Business,2024-03-29
C0516,Suresh Verma,Male,56,Surat,Gujarat,Corporate,2023-11-11
C0517,Sneha Yadav,Male,36,Lucknow,Uttar Pradesh,Consumer,2024-01-04
C0518,Vivaan Mishra,Female,23,Surat,Gujarat,Consumer,2025-10-28
C0519,Simran Sharma,Male,52,Kanpur,Uttar Pradesh,Consumer,2025-09-16
C0520,Karan Shah,Male,40,Lucknow,Uttar Pradesh,Corporate,2023-02-12
C0521,Sneha Rao,Male,65,Kolkata,West Bengal,Consumer,2024-04-26
C0522,Karan Mehta,Male,52,Surat,Gujarat,Small Business,2025-11-02
C0523,Sneha Verma,Female,45,Ludhiana,Punjab,Consumer,2024-11-30
C0524,Rahul Kapoor,Female,65,Bhopal,Madhya Pradesh,Consumer,2025-07-20
C0525,Pooja Singh,Female,57,Ahmedabad,Gujarat,Consumer,2023-09-28
C0526,Priya Mehta,Male,41,Pune,Maharashtra,Consumer,2023-02-18
C0527,Priya Das,Male,21,Kanpur,Uttar Pradesh,Consumer,2024-01-17
C0528,Vivaan Das,Male,25,Hyderabad,Telangana,Consumer,2025-04-08
C0529,Karan Saini,Male,40,Delhi,Delhi,Corporate,2025-09-18
C0530,Karan Yadav,Male,46,Mumbai,Maharashtra,Consumer,2024-09-29
C0531,Kavya Chopra,Male,22,Kanpur,Uttar Pradesh,Consumer,2024-10-29
C0532,Aditya Mishra,Male,26,Bhopal,Madhya Pradesh,Consumer,2024-01-18
C0533,Kavya Mehta,Male,52,Lucknow,Uttar Pradesh,Consumer,2023-04-12
C0534,Simran Kapoor,Female,54,Kolkata,West Bengal,Consumer,2023-09-10
C0535,Amit Sharma,Male,22,Mumbai,Maharashtra,Corporate,2023-12-29
C0536,Pooja Gupta,Male,43,Surat,Gujarat,Corporate,2025-04-06
C0537,Kavya Agarwal,Female,24,Mumbai,Maharashtra,Consumer,2024-03-22
C0538,Suresh Verma,Female,53,Amritsar,Punjab,Consumer,2025-03-04
C0539,Sneha Verma,Female,58,Amritsar,Punjab,Consumer,2022-02-09
C0540,Karan Shah,Male,60,Kochi,Kerala,Consumer,2025-01-10
C0541,Simran Das,Female,47,Mysuru,Karnataka,Small Business,2024-01-11
C0542,Meera Bansal,Male,49,Nagpur,Maharashtra,Consumer,2025-12-29
C0543,Rahul Shah,Male,62,Mysuru,Karnataka,Small Business,2023-11-21
C0544,Isha Das,Male,48,Ludhiana,Punjab,Consumer,2023-12-01
C0545,Pooja Singh,Male,41,Bengaluru,Karnataka,Consumer,2022-07-06
C0546,Priya Joshi,Male,54,Indore,Madhya Pradesh,Consumer,2025-03-24
C0547,Isha Mehta,Male,47,Nagpur,Maharashtra,Consumer,2024-10-21
C0548,Amit Kumar,Female,58,Delhi,Delhi,Small Business,2025-06-14
C0549,Isha Saini,Male,44,Bengaluru,Karnataka,Consumer,2022-05-16
C0550,Aarav Joshi,Male,60,Ludhiana,Punjab,Small Business,2022-11-06
C0551,Suresh Malhotra,Male,23,Ahmedabad,Gujarat,Small Business,2025-07-05
C0552,Simran Verma,Male,22,Chennai,Tamil Nadu,Consumer,2022-03-03
C0553,Amit Verma,Male,25,Surat,Gujarat,Consumer,2024-01-13
C0554,Rahul Nair,Male,46,Ahmedabad,Gujarat,Consumer,2023-08-15
C0555,Simran Sharma,Male,52,Kanpur,Uttar Pradesh,Consumer,2025-10-04
C0556,Neha Gupta,Female,30,Lucknow,Uttar Pradesh,Corporate,2025-06-05
C0557,Arjun Patel,Female,28,Pune,Maharashtra,Consumer,2025-08-03
C0558,Arjun Malhotra,Male,59,Mysuru,Karnataka,Small Business,2023-02-27
C0559,Meera Bansal,Female,54,Lucknow,Uttar Pradesh,Corporate,2024-05-08
C0560,Sneha Malhotra,Female,50,Pune,Maharashtra,Consumer,2024-10-19
C0561,Aarav Kumar,Female,42,Jaipur,Rajasthan,Corporate,2025-11-14
C0562,Rohan Gupta,Female,39,Pune,Maharashtra,Consumer,2022-01-11
C0563,Isha Shah,Female,21,Ludhiana,Punjab,Small Business,2025-11-28
C0564,Riya Kapoor,Female,29,Pune,Maharashtra,Consumer,2023-06-04
C0565,Ananya Kapoor,Female,61,Mumbai,Maharashtra,Small Business,2022-07-07
C0566,Karan Chopra,Male,36,Ahmedabad,Gujarat,Corporate,2024-06-18
C0567,Kavya Saini,Male,52,Bengaluru,Karnataka,Small Business,2025-02-15
C0568,Neha Kumar,Male,52,Chennai,Tamil Nadu,Consumer,2022-07-09
C0569,Sneha Mehta,Male,34,Hyderabad,Telangana,Corporate,2022-03-01
C0570,Sneha Agarwal,Male,30,Bengaluru,Karnataka,Consumer,2025-08-02
C0571,Riya Yadav,Male,52,Ludhiana,Punjab,Corporate,2025-09-26
C0572,Simran Shah,Male,25,Surat,Gujarat,Consumer,2022-08-17
C0573,Amit Malhotra,Male,43,Bengaluru,Karnataka,Consumer,2025-08-13
C0574,Priya Saini,Female,60,Surat,Gujarat,Consumer,2025-08-22
C0575,Pooja Rao,Male,53,Chandigarh,Chandigarh,Consumer,2025-12-28
C0576,Vikas Agarwal,Male,55,Lucknow,Uttar Pradesh,Consumer,2022-11-13
C0577,Karan Nair,Female,24,Kanpur,Uttar Pradesh,Corporate,2024-04-25
C0578,Amit Bansal,Female,29,Bhopal,Madhya Pradesh,Consumer,2025-12-23
C0579,Aditya Rao,Female,33,Jaipur,Rajasthan,Corporate,2025-08-11
C0580,Vikas Yadav,Female,34,Chennai,Tamil Nadu,Consumer,2024-06-02
C0581,Ananya Malhotra,Female,29,Lucknow,Uttar Pradesh,Corporate,2022-10-15
C0582,Isha Agarwal,Male,64,Amritsar,Punjab,Corporate,2022-05-04
C0583,Priya Singh,Male,28,Chandigarh,Chandigarh,Consumer,2023-01-14
C0584,Aarav Mehta,Male,52,Mumbai,Maharashtra,Corporate,2022-04-06
C0585,Meera Nair,Female,47,Jaipur,Rajasthan,Small Business,2022-10-13
C0586,Neha Kapoor,Female,48,Chandigarh,Chandigarh,Corporate,2022-04-20
C0587,Vikas Verma,Male,30,Bengaluru,Karnataka,Consumer,2025-01-18
C0588,Aarav Yadav,Male,34,Kochi,Kerala,Consumer,2024-05-11
C0589,Amit Verma,Male,48,Amritsar,Punjab,Corporate,2024-01-27
C0590,Rohan Sharma,Male,34,Amritsar,Punjab,Consumer,2025-03-28
C0591,Neha Nair,Male,52,Mumbai,Maharashtra,Corporate,2023-08-24
C0592,Pooja Joshi,Male,22,Kanpur,Uttar Pradesh,Consumer,2023-08-12
C0593,Karan Yadav,Female,24,Lucknow,Uttar Pradesh,Corporate,2022-10-30
C0594,Aditya Bansal,Male,53,Ahmedabad,Gujarat,Consumer,2023-10-12
C0595,Ananya Sharma,Female,48,Indore,Madhya Pradesh,Consumer,2022-09-12
C0596,Karan Patel,Female,22,Chennai,Tamil Nadu,Small Business,2024-05-10
C0597,Arjun Mishra,Male,61,Lucknow,Uttar Pradesh,Small Business,2025-12-28
C0598,Priya Kapoor,Male,21,Surat,Gujarat,Small Business,2024-02-18
C0599,Sneha Das,Female,63,Ludhiana,Punjab,Small Business,2023-03-13
C0600,Isha Kapoor,Male,53,Ludhiana,Punjab,Consumer,2024-10-02
C0601,Riya Malhotra,Female,65,Hyderabad,Telangana,Consumer,2025-04-13
C0602,Meera Saini,Male,63,Kochi,Kerala,Consumer,2023-11-21
C0603,Pooja Nair,Female,35,Delhi,Delhi,Consumer,2023-01-01
C0604,Priya Mishra,Female,55,Jaipur,Rajasthan,Consumer,2024-11-08
C0605,Rohan Das,Male,30,Ahmedabad,Gujarat,Small Business,2022-10-01
C0606,Neha Saini,Male,42,Mumbai,Maharashtra,Consumer,2025-12-28
C0607,Suresh Rao,Female,31,Jaipur,Rajasthan,Consumer,2023-04-10
C0608,Vivaan Singh,Male,42,Kanpur,Uttar Pradesh,Consumer,2023-05-27
C0609,Priya Mishra,Male,60,Ahmedabad,Gujarat,Consumer,2024-11-28
C0610,Isha Joshi,Male,40,Pune,Maharashtra,Consumer,2022-01-18
C0611,Neha Bansal,Male,25,Mysuru,Karnataka,Corporate,2022-10-24
C0612,Meera Chopra,Female,35,Bengaluru,Karnataka,Consumer,2022-07-03
C0613,Karan Das,Female,56,Ahmedabad,Gujarat,Consumer,2023-07-26
C0614,Aditya Das,Male,44,Hyderabad,Telangana,Small Business,2024-03-19
C0615,Arjun Patel,Female,46,Kanpur,Uttar Pradesh,Consumer,2022-09-20
C0616,Isha Mishra,Male,40,Chandigarh,Chandigarh,Corporate,2023-05-18
C0617,Meera Mishra,Male,34,Ludhiana,Punjab,Consumer,2025-02-02
C0618,Neha Yadav,Male,47,Nagpur,Maharashtra,Consumer,2025-10-05
C0619,Aarav Singh,Female,49,Bhopal,Madhya Pradesh,Consumer,2022-01-21
C0620,Rohan Sharma,Male,61,Nagpur,Maharashtra,Small Business,2024-07-05
C0621,Priya Saini,Male,48,Delhi,Delhi,Corporate,2022-02-07
C0622,Meera Malhotra,Male,65,Delhi,Delhi,Consumer,2024-01-31
C0623,Riya Das,Female,58,Bengaluru,Karnataka,Consumer,2025-07-08
C0624,Riya Malhotra,Male,24,Indore,Madhya Pradesh,Corporate,2025-03-11
C0625,Amit Das,Male,38,Bengaluru,Karnataka,Corporate,2022-12-07
C0626,Rahul Joshi,Female,38,Surat,Gujarat,Consumer,2023-01-13
C0627,Vivaan Saini,Male,21,Kolkata,West Bengal,Small Business,2025-02-18
C0628,Neha Kumar,Male,29,Delhi,Delhi,Corporate,2025-04-12
C0629,Rahul Bansal,Male,55,Kolkata,West Bengal,Corporate,2023-02-15
C0630,Priya Shah,Male,36,Delhi,Delhi,Consumer,2022-01-05
C0631,Rohan Nair,Male,27,Jaipur,Rajasthan,Consumer,2023-10-12
C0632,Karan Shah,Female,33,Kanpur,Uttar Pradesh,Small Business,2024-06-24
C0633,Rahul Sharma,Female,33,Lucknow,Uttar Pradesh,Consumer,2023-10-11
C0634,Vivaan Mehta,Female,28,Mysuru,Karnataka,Consumer,2025-09-27
C0635,Meera Sharma,Female,25,Ludhiana,Punjab,Consumer,2025-04-03
C0636,Vikas Singh,Male,55,Kanpur,Uttar Pradesh,Consumer,2025-02-25
C0637,Simran Chopra,Male,58,Mysuru,Karnataka,Corporate,2022-01-30
C0638,Kavya Mishra,Female,43,Kolkata,West Bengal,Consumer,2025-06-01
C0639,Pooja Saini,Male,48,Pune,Maharashtra,Corporate,2025-01-08
C0640,Aarav Rao,Female,62,Bhopal,Madhya Pradesh,Consumer,2023-08-03
C0641,Sneha Mishra,Female,58,Ludhiana,Punjab,Consumer,2024-05-11
C0642,Vikas Shah,Male,22,Mysuru,Karnataka,Consumer,2025-04-19
C0643,Vikas Sharma,Male,63,Surat,Gujarat,Corporate,2025-08-16
C0644,Simran Gupta,Male,24,Surat,Gujarat,Consumer,2024-03-15
C0645,Aditya Kapoor,Male,22,Ahmedabad,Gujarat,Consumer,2022-03-02
C0646,Rahul Rao,Male,39,Mumbai,Maharashtra,Corporate,2024-06-22
C0647,Karan Sharma,Male,54,Indore,Madhya Pradesh,Consumer,2024-09-20
C0648,Meera Agarwal,Female,24,Kochi,Kerala,Consumer,2022-03-28
C0649,Rohan Chopra,Female,34,Kochi,Kerala,Consumer,2025-04-09
C0650,Priya Sharma,Female,32,Kochi,Kerala,Small Business,2022-10-22
C0651,Kavya Joshi,Male,38,Bhopal,Madhya Pradesh,Consumer,2025-07-24
C0652,Pooja Rao,Male,65,Chandigarh,Chandigarh,Consumer,2024-03-15
C0653,Neha Chopra,Male,35,Mumbai,Maharashtra,Consumer,2023-04-16
C0654,Rohan Gupta,Male,30,Jaipur,Rajasthan,Consumer,2022-03-27
C0655,Karan Rao,Female,26,Bengaluru,Karnataka,Consumer,2022-01-27
C0656,Priya Yadav,Male,29,Bengaluru,Karnataka,Consumer,2024-12-19
C0657,Kavya Rao,Male,26,Amritsar,Punjab,Consumer,2023-07-06
C0658,Simran Patel,Female,46,Amritsar,Punjab,Consumer,2025-05-12
C0659,Sneha Bansal,Male,39,Lucknow,Uttar Pradesh,Small Business,2022-12-03
C0660,Karan Mehta,Male,43,Chandigarh,Chandigarh,Consumer,2025-09-06
C0661,Aditya Patel,Male,58,Pune,Maharashtra,Consumer,2025-10-07
C0662,Priya Rao,Female,47,Bengaluru,Karnataka,Small Business,2022-05-29
C0663,Riya Verma,Female,27,Indore,Madhya Pradesh,Small Business,2024-08-03
C0664,Pooja Kumar,Male,37,Jaipur,Rajasthan,Corporate,2025-10-04
C0665,Pooja Yadav,Female,35,Lucknow,Uttar Pradesh,Consumer,2023-04-18
C0666,Karan Mishra,Female,58,Jaipur,Rajasthan,Consumer,2022-04-09
C0667,Karan Shah,Female,34,Bengaluru,Karnataka,Consumer,2025-07-03
C0668,Priya Das,Male,27,Amritsar,Punjab,Consumer,2023-11-24
C0669,Neha Patel,Male,54,Ludhiana,Punjab,Consumer,2022-02-09
C0670,Kavya Joshi,Female,40,Surat,Gujarat,Consumer,2025-05-12
C0671,Priya Singh,Male,25,Chennai,Tamil Nadu,Consumer,2024-09-18
C0672,Aditya Bansal,Female,52,Ahmedabad,Gujarat,Consumer,2022-04-13
C0673,Arjun Das,Female,30,Kochi,Kerala,Consumer,2023-01-13
C0674,Riya Mishra,Male,60,Ahmedabad,Gujarat,Consumer,2022-01-27
C0675,Sneha Bansal,Female,58,Jaipur,Rajasthan,Corporate,2025-10-27
C0676,Vivaan Mehta,Female,37,Mysuru,Karnataka,Small Business,2022-02-06
C0677,Suresh Nair,Female,46,Lucknow,Uttar Pradesh,Consumer,2025-03-08
C0678,Rahul Malhotra,Male,46,Chennai,Tamil Nadu,Consumer,2024-01-17
C0679,Amit Singh,Female,50,Ahmedabad,Gujarat,Consumer,2024-05-01
C0680,Aditya Mehta,Male,24,Delhi,Delhi,Consumer,2025-03-31
C0681,Vivaan Kumar,Female,35,Nagpur,Maharashtra,Corporate,2025-07-31
C0682,Vikas Gupta,Female,28,Ludhiana,Punjab,Consumer,2022-07-06
C0683,Ananya Sharma,Female,52,Chennai,Tamil Nadu,Consumer,2022-01-27
C0684,Amit Malhotra,Male,24,Kolkata,West Bengal,Consumer,2022-07-02
C0685,Meera Kapoor,Male,44,Lucknow,Uttar Pradesh,Consumer,2024-09-24
C0686,Riya Yadav,Male,53,Kolkata,West Bengal,Consumer,2024-04-10
C0687,Karan Joshi,Male,63,Ludhiana,Punjab,Consumer,2022-05-03
C0688,Riya Das,Male,33,Bengaluru,Karnataka,Small Business,2022-12-09
C0689,Meera Saini,Female,21,Ludhiana,Punjab,Consumer,2024-02-24
C0690,Priya Agarwal,Male,53,Bengaluru,Karnataka,Consumer,2024-12-02
C0691,Meera Patel,Female,21,Chennai,Tamil Nadu,Consumer,2023-05-17
C0692,Amit Rao,Female,23,Kanpur,Uttar Pradesh,Consumer,2025-10-19
C0693,Vikas Gupta,Male,65,Indore,Madhya Pradesh,Consumer,2025-12-20
C0694,Ananya Yadav,Female,59,Bengaluru,Karnataka,Consumer,2025-01-24
C0695,Riya Nair,Female,52,Kanpur,Uttar Pradesh,Corporate,2023-10-26
C0696,Amit Agarwal,Male,58,Mumbai,Maharashtra,Consumer,2025-07-05
C0697,Meera Mishra,Male,24,Mumbai,Maharashtra,Consumer,2024-11-29
C0698,Rahul Bansal,Female,25,Ludhiana,Punjab,Consumer,2024-01-30
C0699,Neha Chopra,Female,34,Chandigarh,Chandigarh,Consumer,2023-10-11
C0700,Aarav Patel,Female,22,Chennai,Tamil Nadu,Consumer,2025-05-01
C0701,Riya Gupta,Female,60,Ahmedabad,Gujarat,Small Business,2024-03-24
C0702,Rohan Yadav,Female,23,Chennai,Tamil Nadu,Consumer,2022-09-25
C0703,Arjun Verma,Male,45,Mysuru,Karnataka,Consumer,2025-12-31
C0704,Amit Rao,Female,59,Kolkata,West Bengal,Corporate,2022-04-10
C0705,Aarav Patel,Male,54,Hyderabad,Telangana,Consumer,2024-10-12
C0706,Vivaan Bansal,Female,31,Amritsar,Punjab,Consumer,2024-08-16
C0707,Rohan Saini,Male,42,Kolkata,West Bengal,Consumer,2024-05-06
C0708,Ananya Saini,Male,45,Hyderabad,Telangana,Corporate,2022-03-17
C0709,Neha Joshi,Female,55,Lucknow,Uttar Pradesh,Consumer,2023-12-21
C0710,Riya Malhotra,Male,40,Ludhiana,Punjab,Corporate,2025-07-27
C0711,Simran Das,Female,33,Mysuru,Karnataka,Small Business,2022-12-16
C0712,Ananya Chopra,Male,56,Bhopal,Madhya Pradesh,Corporate,2024-10-07
C0713,Rohan Shah,Female,60,Jaipur,Rajasthan,Small Business,2025-06-08
C0714,Pooja Nair,Female,43,Surat,Gujarat,Corporate,2025-10-23
C0715,Rohan Saini,Male,22,Kochi,Kerala,Small Business,2024-01-25
C0716,Suresh Verma,Female,43,Kolkata,West Bengal,Corporate,2023-04-04
C0717,Arjun Bansal,Male,61,Nagpur,Maharashtra,Corporate,2024-10-19
C0718,Amit Singh,Female,65,Chandigarh,Chandigarh,Corporate,2023-12-12
C0719,Karan Chopra,Female,39,Delhi,Delhi,Small Business,2024-07-05
C0720,Amit Das,Female,27,Jaipur,Rajasthan,Consumer,2024-12-19
C0721,Kavya Agarwal,Male,46,Kochi,Kerala,Corporate,2024-11-03
C0722,Simran Joshi,Male,58,Kolkata,West Bengal,Consumer,2022-12-21
C0723,Aditya Sharma,Female,63,Surat,Gujarat,Small Business,2025-01-09
C0724,Simran Das,Male,23,Lucknow,Uttar Pradesh,Consumer,2024-03-02
C0725,Sneha Singh,Male,34,Bengaluru,Karnataka,Corporate,2025-09-21
C0726,Rohan Sharma,Male,42,Hyderabad,Telangana,Corporate,2024-08-21
C0727,Vivaan Gupta,Male,25,Lucknow,Uttar Pradesh,Small Business,2025-07-26
C0728,Ananya Kumar,Female,60,Pune,Maharashtra,Consumer,2025-12-01
C0729,Meera Malhotra,Male,26,Kolkata,West Bengal,Corporate,2025-12-23
C0730,Rohan Agarwal,Male,50,Kolkata,West Bengal,Corporate,2024-12-24
C0731,Kavya Yadav,Female,62,Amritsar,Punjab,Small Business,2024-05-22
C0732,Aarav Kumar,Male,51,Pune,Maharashtra,Small Business,2022-06-22
C0733,Riya Singh,Female,55,Amritsar,Punjab,Consumer,2023-07-19
C0734,Neha Mehta,Male,32,Kolkata,West Bengal,Consumer,2023-11-26
C0735,Kavya Kumar,Female,58,Surat,Gujarat,Consumer,2025-02-14
C0736,Riya Chopra,Female,39,Kanpur,Uttar Pradesh,Small Business,2024-05-10
C0737,Karan Gupta,Female,23,Mysuru,Karnataka,Consumer,2023-10-04
C0738,Meera Yadav,Male,37,Bhopal,Madhya Pradesh,Corporate,2022-08-03
C0739,Suresh Mehta,Male,36,Bengaluru,Karnataka,Corporate,2024-11-11
C0740,Rahul Joshi,Female,44,Delhi,Delhi,Consumer,2023-09-24
C0741,Arjun Sharma,Male,32,Ludhiana,Punjab,Consumer,2022-02-22
C0742,Rohan Singh,Male,41,Ahmedabad,Gujarat,Consumer,2023-02-19
C0743,Karan Rao,Male,40,Indore,Madhya Pradesh,Small Business,2025-07-08
C0744,Arjun Sharma,Female,35,Jaipur,Rajasthan,Consumer,2022-06-23
C0745,Aditya Agarwal,Female,52,Delhi,Delhi,Consumer,2023-08-17
C0746,Rohan Malhotra,Female,34,Delhi,Delhi,Corporate,2024-01-19
C0747,Aarav Yadav,Female,55,Kolkata,West Bengal,Consumer,2022-05-03
C0748,Karan Joshi,Male,32,Bengaluru,Karnataka,Small Business,2022-08-30
C0749,Ananya Saini,Male,59,Bhopal,Madhya Pradesh,Consumer,2025-10-05
C0750,Suresh Shah,Male,37,Pune,Maharashtra,Consumer,2024-05-12
C0751,Priya Patel,Female,22,Indore,Madhya Pradesh,Consumer,2022-11-04
C0752,Rahul Yadav,Male,27,Bengaluru,Karnataka,Consumer,2022-09-05
C0753,Ananya Gupta,Female,57,Pune,Maharashtra,Consumer,2023-09-14
C0754,Simran Malhotra,Female,60,Mysuru,Karnataka,Corporate,2024-11-23
C0755,Riya Chopra,Male,30,Pune,Maharashtra,Consumer,2024-12-03
C0756,Amit Gupta,Male,48,Kolkata,West Bengal,Consumer,2022-10-13
C0757,Sneha Yadav,Male,46,Hyderabad,Telangana,Consumer,2024-11-26
C0758,Rahul Nair,Female,27,Lucknow,Uttar Pradesh,Consumer,2025-08-02
C0759,Suresh Sharma,Female,41,Lucknow,Uttar Pradesh,Small Business,2022-11-27
C0760,Suresh Malhotra,Female,52,Delhi,Delhi,Consumer,2022-02-08
C0761,Riya Mishra,Male,64,Pune,Maharashtra,Small Business,2025-11-01
C0762,Arjun Verma,Male,59,Nagpur,Maharashtra,Consumer,2024-02-02
C0763,Neha Sharma,Male,25,Nagpur,Maharashtra,Consumer,2025-02-08
C0764,Amit Singh,Male,31,Mumbai,Maharashtra,Consumer,2023-04-13
C0765,Aarav Nair,Male,40,Hyderabad,Telangana,Consumer,2023-03-14
C0766,Vivaan Sharma,Male,27,Lucknow,Uttar Pradesh,Corporate,2022-11-25
C0767,Simran Verma,Female,46,Hyderabad,Telangana,Consumer,2022-11-14
C0768,Isha Sharma,Male,21,Hyderabad,Telangana,Consumer,2023-11-21
C0769,Arjun Singh,Male,26,Jaipur,Rajasthan,Corporate,2022-06-04
C0770,Sneha Kapoor,Female,23,Lucknow,Uttar Pradesh,Corporate,2025-05-15
C0771,Suresh Gupta,Female,34,Hyderabad,Telangana,Small Business,2024-01-17
C0772,Vivaan Bansal,Female,55,Bengaluru,Karnataka,Small Business,2025-08-30
C0773,Rahul Bansal,Female,28,Kolkata,West Bengal,Corporate,2024-01-04
C0774,Pooja Shah,Female,65,Delhi,Delhi,Corporate,2023-03-20
C0775,Suresh Sharma,Female,33,Jaipur,Rajasthan,Corporate,2024-01-23
C0776,Rohan Rao,Male,23,Bhopal,Madhya Pradesh,Consumer,2022-08-14
C0777,Priya Kapoor,Female,36,Chennai,Tamil Nadu,Corporate,2025-04-18
C0778,Suresh Verma,Male,54,Pune,Maharashtra,Consumer,2024-11-18
C0779,Riya Saini,Male,25,Chandigarh,Chandigarh,Corporate,2022-08-03
C0780,Meera Rao,Male,24,Pune,Maharashtra,Small Business,2024-04-30
C0781,Rohan Patel,Male,59,Nagpur,Maharashtra,Consumer,2024-02-26
C0782,Rahul Nair,Female,47,Pune,Maharashtra,Corporate,2022-10-21
C0783,Ananya Malhotra,Male,36,Indore,Madhya Pradesh,Small Business,2022-06-28
C0784,Meera Kapoor,Male,55,Kochi,Kerala,Consumer,2025-01-15
C0785,Simran Das,Male,58,Kanpur,Uttar Pradesh,Consumer,2023-01-21
C0786,Vivaan Mehta,Female,37,Ahmedabad,Gujarat,Small Business,2024-01-29
C0787,Sneha Shah,Male,46,Ahmedabad,Gujarat,Small Business,2022-12-28
C0788,Aditya Yadav,Female,21,Ahmedabad,Gujarat,Consumer,2024-08-12
C0789,Priya Saini,Female,34,Lucknow,Uttar Pradesh,Consumer,2022-03-13
C0790,Aditya Kapoor,Male,47,Kochi,Kerala,Corporate,2023-06-09
C0791,Rohan Gupta,Female,29,Chandigarh,Chandigarh,Consumer,2024-03-10
C0792,Priya Joshi,Male,65,Mumbai,Maharashtra,Consumer,2023-10-04
C0793,Neha Yadav,Male,64,Chennai,Tamil Nadu,Consumer,2024-06-13
C0794,Isha Kumar,Female,32,Kochi,Kerala,Consumer,2022-09-21
C0795,Riya Sharma,Female,38,Kolkata,West Bengal,Consumer,2023-10-08
C0796,Sneha Yadav,Male,29,Bengaluru,Karnataka,Corporate,2025-01-10
C0797,Vikas Sharma,Male,43,Indore,Madhya Pradesh,Corporate,2023-05-03
C0798,Sneha Verma,Male,26,Ahmedabad,Gujarat,Corporate,2022-08-18
C0799,Pooja Mishra,Male,38,Kanpur,Uttar Pradesh,Consumer,2025-05-23
C0800,Isha Mishra,Female,45,Kolkata,West Bengal,Consumer,2025-02-11
C0801,Amit Mishra,Female,48,Pune,Maharashtra,Consumer,2024-09-21
C0802,Isha Yadav,Female,47,Chennai,Tamil Nadu,Consumer,2025-03-11
C0803,Aditya Rao,Male,30,Kolkata,West Bengal,Consumer,2025-02-11
C0804,Aditya Bansal,Female,56,Bhopal,Madhya Pradesh,Consumer,2024-12-26
C0805,Rahul Singh,Female,52,Hyderabad,Telangana,Consumer,2024-01-15
C0806,Kavya Singh,Female,54,Pune,Maharashtra,Consumer,2022-01-29
C0807,Pooja Chopra,Male,42,Kolkata,West Bengal,Corporate,2024-05-22
C0808,Vivaan Verma,Male,61,Kochi,Kerala,Corporate,2023-02-04
C0809,Kavya Agarwal,Male,38,Jaipur,Rajasthan,Small Business,2025-02-03
C0810,Aditya Das,Male,57,Chennai,Tamil Nadu,Corporate,2023-11-16
C0811,Rohan Sharma,Male,30,Surat,Gujarat,Consumer,2025-08-15
C0812,Simran Sharma,Male,32,Ahmedabad,Gujarat,Consumer,2024-05-20
C0813,Ananya Das,Female,44,Mysuru,Karnataka,Consumer,2024-03-15
C0814,Ananya Bansal,Male,46,Kochi,Kerala,Consumer,2025-09-04
C0815,Vikas Singh,Female,54,Kanpur,Uttar Pradesh,Consumer,2023-11-26
C0816,Ananya Rao,Male,34,Mumbai,Maharashtra,Consumer,2023-07-03
C0817,Vivaan Rao,Female,60,Kolkata,West Bengal,Consumer,2023-06-27
C0818,Karan Agarwal,Male,35,Bhopal,Madhya Pradesh,Consumer,2025-07-02
C0819,Arjun Kapoor,Male,45,Chennai,Tamil Nadu,Corporate,2025-01-09
C0820,Arjun Patel,Female,62,Kanpur,Uttar Pradesh,Corporate,2022-08-27
C0821,Sneha Kumar,Female,45,Ahmedabad,Gujarat,Corporate,2023-12-21
C0822,Karan Bansal,Male,51,Chandigarh,Chandigarh,Corporate,2023-06-27
C0823,Aditya Patel,Male,61,Indore,Madhya Pradesh,Consumer,2024-08-02
C0824,Amit Chopra,Female,64,Pune,Maharashtra,Consumer,2022-03-18
C0825,Meera Shah,Female,43,Lucknow,Uttar Pradesh,Corporate,2024-11-09
C0826,Arjun Sharma,Male,39,Lucknow,Uttar Pradesh,Consumer,2024-12-20
C0827,Vivaan Bansal,Male,29,Nagpur,Maharashtra,Consumer,2022-11-28
C0828,Arjun Gupta,Male,45,Surat,Gujarat,Consumer,2022-08-09
C0829,Isha Rao,Female,62,Pune,Maharashtra,Small Business,2024-07-05
C0830,Isha Patel,Male,42,Jaipur,Rajasthan,Corporate,2023-01-11
C0831,Neha Kapoor,Male,36,Hyderabad,Telangana,Consumer,2025-10-07
C0832,Arjun Bansal,Female,25,Nagpur,Maharashtra,Corporate,2025-02-06
C0833,Priya Mehta,Male,38,Amritsar,Punjab,Consumer,2025-10-27
C0834,Kavya Chopra,Male,31,Bengaluru,Karnataka,Consumer,2024-02-21
C0835,Priya Mishra,Male,64,Mysuru,Karnataka,Consumer,2025-10-03
C0836,Kavya Bansal,Male,44,Indore,Madhya Pradesh,Consumer,2022-01-21
C0837,Rohan Saini,Male,27,Indore,Madhya Pradesh,Corporate,2023-02-28
C0838,Sneha Das,Male,24,Delhi,Delhi,Consumer,2022-01-04
C0839,Aditya Joshi,Female,59,Mysuru,Karnataka,Corporate,2024-09-16
C0840,Simran Agarwal,Female,62,Chandigarh,Chandigarh,Consumer,2024-01-17
C0841,Simran Sharma,Male,55,Ludhiana,Punjab,Corporate,2023-02-25
C0842,Aarav Saini,Male,26,Kochi,Kerala,Corporate,2023-03-22
C0843,Vikas Agarwal,Male,25,Kanpur,Uttar Pradesh,Corporate,2024-07-29
C0844,Karan Joshi,Female,29,Delhi,Delhi,Consumer,2022-09-21
C0845,Simran Kumar,Male,54,Indore,Madhya Pradesh,Small Business,2024-01-22
C0846,Kavya Rao,Female,55,Nagpur,Maharashtra,Consumer,2024-06-15
C0847,Pooja Mehta,Male,58,Pune,Maharashtra,Corporate,2022-12-17
C0848,Arjun Chopra,Female,25,Surat,Gujarat,Corporate,2022-11-30
C0849,Suresh Singh,Male,27,Ahmedabad,Gujarat,Consumer,2023-06-02
C0850,Vikas Das,Female,61,Mumbai,Maharashtra,Consumer,2024-05-15
C0851,Rohan Verma,Male,62,Nagpur,Maharashtra,Consumer,2023-01-07
C0852,Pooja Verma,Female,53,Kanpur,Uttar Pradesh,Consumer,2023-07-09
C0853,Simran Rao,Male,25,Mysuru,Karnataka,Consumer,2024-03-04
C0854,Meera Nair,Female,24,Surat,Gujarat,Consumer,2022-09-30
C0855,Rahul Gupta,Female,23,Kolkata,West Bengal,Consumer,2024-04-11
C0856,Amit Malhotra,Female,52,Kanpur,Uttar Pradesh,Consumer,2022-07-21
C0857,Riya Mishra,Male,59,Jaipur,Rajasthan,Corporate,2022-07-28
C0858,Neha Rao,Male,49,Chennai,Tamil Nadu,Consumer,2022-12-13
C0859,Neha Mehta,Male,32,Hyderabad,Telangana,Corporate,2023-02-23
C0860,Karan Agarwal,Male,55,Surat,Gujarat,Consumer,2022-02-13
C0861,Vivaan Mishra,Female,23,Lucknow,Uttar Pradesh,Consumer,2025-11-05
C0862,Pooja Mishra,Female,58,Kanpur,Uttar Pradesh,Consumer,2023-03-27
C0863,Priya Saini,Female,61,Kanpur,Uttar Pradesh,Corporate,2025-03-21
C0864,Simran Bansal,Male,53,Bengaluru,Karnataka,Consumer,2025-08-10
C0865,Karan Singh,Female,60,Bhopal,Madhya Pradesh,Small Business,2025-03-15
C0866,Kavya Nair,Female,47,Kanpur,Uttar Pradesh,Consumer,2025-04-29
C0867,Pooja Rao,Female,42,Chandigarh,Chandigarh,Consumer,2022-05-27
C0868,Riya Saini,Male,35,Indore,Madhya Pradesh,Consumer,2023-06-28
C0869,Priya Kumar,Male,62,Bhopal,Madhya Pradesh,Corporate,2024-12-26
C0870,Aarav Gupta,Female,52,Surat,Gujarat,Consumer,2024-04-21
C0871,Karan Mishra,Male,29,Ludhiana,Punjab,Consumer,2022-01-09
C0872,Suresh Sharma,Male,64,Jaipur,Rajasthan,Consumer,2024-04-08
C0873,Rahul Das,Female,23,Chandigarh,Chandigarh,Consumer,2025-03-21
C0874,Meera Mehta,Female,47,Hyderabad,Telangana,Consumer,2025-04-25
C0875,Isha Mishra,Female,29,Chandigarh,Chandigarh,Small Business,2023-07-15
C0876,Simran Rao,Female,50,Mumbai,Maharashtra,Consumer,2022-12-12
C0877,Neha Mehta,Male,39,Bhopal,Madhya Pradesh,Consumer,2023-03-29
C0878,Neha Yadav,Male,40,Bengaluru,Karnataka,Small Business,2023-03-10
C0879,Amit Kapoor,Male,51,Surat,Gujarat,Consumer,2023-05-22
C0880,Ananya Bansal,Male,55,Delhi,Delhi,Consumer,2023-03-17
C0881,Vikas Joshi,Male,38,Nagpur,Maharashtra,Corporate,2023-10-30
C0882,Aarav Kapoor,Female,65,Kochi,Kerala,Small Business,2022-03-01
C0883,Ananya Nair,Male,43,Amritsar,Punjab,Corporate,2023-02-07
C0884,Priya Malhotra,Female,28,Bengaluru,Karnataka,Consumer,2023-04-05
C0885,Vivaan Verma,Male,21,Pune,Maharashtra,Small Business,2022-08-13
C0886,Amit Mehta,Male,30,Amritsar,Punjab,Consumer,2025-07-06
C0887,Vikas Mehta,Male,52,Kochi,Kerala,Small Business,2024-09-13
C0888,Kavya Singh,Male,45,Nagpur,Maharashtra,Corporate,2025-08-25
C0889,Amit Verma,Female,36,Surat,Gujarat,Small Business,2024-03-31
C0890,Amit Chopra,Male,42,Mysuru,Karnataka,Consumer,2022-06-10
C0891,Aarav Yadav,Male,58,Chandigarh,Chandigarh,Consumer,2025-08-14
C0892,Aarav Das,Female,46,Kolkata,West Bengal,Corporate,2023-11-01
C0893,Sneha Gupta,Male,23,Pune,Maharashtra,Consumer,2024-09-26
C0894,Arjun Kumar,Male,23,Hyderabad,Telangana,Consumer,2023-07-12
C0895,Suresh Saini,Male,42,Lucknow,Uttar Pradesh,Small Business,2023-12-24
C0896,Ananya Rao,Male,39,Ludhiana,Punjab,Corporate,2023-12-16
C0897,Amit Patel,Female,59,Delhi,Delhi,Consumer,2023-02-20
C0898,Suresh Gupta,Male,47,Kochi,Kerala,Consumer,2024-03-21
C0899,Meera Verma,Male,55,Ahmedabad,Gujarat,Consumer,2024-12-07
C0900,Suresh Agarwal,Male,47,Indore,Madhya Pradesh,Consumer,2022-01-30
C0901,Vivaan Malhotra,Female,36,Bhopal,Madhya Pradesh,Consumer,2022-07-11
C0902,Suresh Patel,Male,50,Nagpur,Maharashtra,Corporate,2025-05-15
C0903,Aditya Sharma,Female,48,Mumbai,Maharashtra,Corporate,2024-04-12
C0904,Aarav Malhotra,Male,53,Ludhiana,Punjab,Consumer,2025-11-23
C0905,Vivaan Das,Female,29,Nagpur,Maharashtra,Consumer,2024-06-02
C0906,Rahul Chopra,Male,49,Pune,Maharashtra,Corporate,2024-08-12
C0907,Pooja Malhotra,Male,33,Jaipur,Rajasthan,Corporate,2025-08-06
C0908,Riya Singh,Male,56,Bhopal,Madhya Pradesh,Small Business,2024-08-22
C0909,Rahul Patel,Female,56,Ludhiana,Punjab,Consumer,2023-04-27
C0910,Aditya Patel,Female,49,Lucknow,Uttar Pradesh,Corporate,2024-02-11
C0911,Amit Saini,Male,63,Nagpur,Maharashtra,Consumer,2022-12-11
C0912,Amit Rao,Male,45,Hyderabad,Telangana,Consumer,2023-05-04
C0913,Kavya Nair,Female,22,Surat,Gujarat,Small Business,2024-09-20
C0914,Aditya Das,Male,48,Nagpur,Maharashtra,Consumer,2022-08-06
C0915,Neha Das,Male,55,Lucknow,Uttar Pradesh,Consumer,2024-09-08
C0916,Vikas Das,Male,25,Delhi,Delhi,Consumer,2024-05-03
C0917,Ananya Kumar,Female,25,Hyderabad,Telangana,Consumer,2023-03-27
C0918,Karan Singh,Female,33,Bengaluru,Karnataka,Consumer,2022-03-07
C0919,Simran Yadav,Female,58,Surat,Gujarat,Corporate,2024-10-26
C0920,Rahul Bansal,Female,44,Bhopal,Madhya Pradesh,Consumer,2025-04-19
C0921,Karan Kumar,Male,64,Pune,Maharashtra,Consumer,2024-12-02
C0922,Isha Shah,Male,60,Ludhiana,Punjab,Small Business,2023-09-07
C0923,Sneha Kapoor,Male,45,Surat,Gujarat,Consumer,2024-08-12
C0924,Karan Agarwal,Male,51,Kochi,Kerala,Small Business,2023-08-29
C0925,Priya Verma,Male,35,Bhopal,Madhya Pradesh,Consumer,2023-06-08
C0926,Vivaan Patel,Male,25,Pune,Maharashtra,Consumer,2023-04-23
C0927,Suresh Verma,Male,38,Chandigarh,Chandigarh,Consumer,2022-11-05
C0928,Aditya Rao,Female,47,Kanpur,Uttar Pradesh,Corporate,2025-11-17
C0929,Vikas Bansal,Male,29,Pune,Maharashtra,Consumer,2024-08-31
C0930,Priya Mishra,Male,30,Mysuru,Karnataka,Small Business,2022-09-13
C0931,Sneha Patel,Female,21,Bhopal,Madhya Pradesh,Consumer,2025-06-17
C0932,Isha Mehta,Female,54,Lucknow,Uttar Pradesh,Consumer,2022-08-10
C0933,Isha Joshi,Female,61,Hyderabad,Telangana,Consumer,2024-05-17
C0934,Aditya Saini,Female,58,Hyderabad,Telangana,Consumer,2022-08-30
C0935,Aarav Saini,Female,38,Amritsar,Punjab,Consumer,2023-06-12
C0936,Aarav Gupta,Male,47,Mysuru,Karnataka,Consumer,2024-08-20
C0937,Neha Nair,Male,64,Nagpur,Maharashtra,Consumer,2025-12-30
C0938,Karan Singh,Female,47,Kanpur,Uttar Pradesh,Corporate,2025-12-20
C0939,Rahul Rao,Male,34,Kochi,Kerala,Consumer,2025-08-01
C0940,Sneha Singh,Male,36,Nagpur,Maharashtra,Consumer,2022-12-11
C0941,Vikas Patel,Male,53,Mysuru,Karnataka,Consumer,2022-05-17
C0942,Arjun Shah,Male,41,Jaipur,Rajasthan,Consumer,2025-08-16
C0943,Neha Verma,Male,58,Nagpur,Maharashtra,Consumer,2025-09-10
C0944,Pooja Joshi,Male,59,Surat,Gujarat,Consumer,2023-02-12
C0945,Vivaan Joshi,Female,22,Mysuru,Karnataka,Consumer,2022-01-29
C0946,Arjun Gupta,Female,53,Pune,Maharashtra,Small Business,2024-08-04
C0947,Riya Mishra,Male,37,Mysuru,Karnataka,Consumer,2022-04-22
C0948,Aditya Rao,Female,44,Bhopal,Madhya Pradesh,Consumer,2022-03-01
C0949,Ananya Rao,Male,32,Bhopal,Madhya Pradesh,Small Business,2025-10-01
C0950,Sneha Yadav,Female,37,Lucknow,Uttar Pradesh,Consumer,2023-12-26
C0951,Priya Agarwal,Female,35,Kolkata,West Bengal,Consumer,2022-06-13
C0952,Sneha Gupta,Male,23,Amritsar,Punjab,Small Business,2024-08-14
C0953,Amit Gupta,Female,56,Nagpur,Maharashtra,Small Business,2023-06-24
C0954,Rohan Verma,Female,27,Surat,Gujarat,Corporate,2024-02-23
C0955,Aarav Nair,Female,37,Surat,Gujarat,Consumer,2025-08-06
C0956,Vivaan Rao,Female,29,Chandigarh,Chandigarh,Consumer,2022-12-14
C0957,Aarav Saini,Male,28,Bengaluru,Karnataka,Small Business,2024-08-02
C0958,Amit Agarwal,Male,37,Chandigarh,Chandigarh,Small Business,2025-04-25
C0959,Rohan Malhotra,Female,62,Ahmedabad,Gujarat,Consumer,2023-09-12
C0960,Suresh Agarwal,Female,63,Indore,Madhya Pradesh,Consumer,2025-11-18
C0961,Vikas Agarwal,Female,38,Nagpur,Maharashtra,Consumer,2023-10-17
C0962,Isha Joshi,Male,43,Ahmedabad,Gujarat,Consumer,2023-11-02
C0963,Vikas Singh,Male,65,Amritsar,Punjab,Corporate,2025-07-15
C0964,Vikas Singh,Male,31,Mysuru,Karnataka,Consumer,2024-07-18
C0965,Arjun Das,Female,63,Chandigarh,Chandigarh,Consumer,2025-06-23
C0966,Vivaan Malhotra,Male,25,Mumbai,Maharashtra,Consumer,2025-02-28
C0967,Isha Das,Female,31,Chandigarh,Chandigarh,Consumer,2024-11-06
C0968,Aditya Verma,Female,36,Ahmedabad,Gujarat,Consumer,2022-12-19
C0969,Vikas Bansal,Male,22,Nagpur,Maharashtra,Consumer,2023-08-06
C0970,Meera Gupta,Male,57,Mumbai,Maharashtra,Consumer,2025-06-16
C0971,Arjun Patel,Male,59,Chandigarh,Chandigarh,Small Business,2024-06-19
C0972,Riya Sharma,Female,38,Bengaluru,Karnataka,Consumer,2023-02-14
C0973,Vikas Singh,Female,58,Jaipur,Rajasthan,Consumer,2023-04-24
C0974,Arjun Nair,Male,55,Mumbai,Maharashtra,Consumer,2025-02-07
C0975,Aarav Yadav,Male,57,Kochi,Kerala,Consumer,2022-09-18
C0976,Simran Kapoor,Male,57,Lucknow,Uttar Pradesh,Consumer,2022-06-13
C0977,Vivaan Malhotra,Male,46,Bhopal,Madhya Pradesh,Consumer,2025-01-22
C0978,Meera Joshi,Female,25,Nagpur,Maharashtra,Consumer,2023-02-26
C0979,Priya Agarwal,Female,62,Bengaluru,Karnataka,Consumer,2025-01-23
C0980,Pooja Verma,Male,48,Ahmedabad,Gujarat,Corporate,2024-02-19
C0981,Isha Das,Female,61,Ahmedabad,Gujarat,Consumer,2025-12-28
C0982,Aditya Shah,Male,64,Ludhiana,Punjab,Consumer,2024-02-06
C0983,Isha Mishra,Female,29,Bhopal,Madhya Pradesh,Consumer,2025-06-21
C0984,Vikas Malhotra,Male,39,Amritsar,Punjab,Consumer,2025-05-27
C0985,Isha Verma,Female,29,Pune,Maharashtra,Consumer,2022-11-06
C0986,Isha Nair,Female,23,Hyderabad,Telangana,Consumer,2025-12-26
C0987,Pooja Yadav,Male,64,Bhopal,Madhya Pradesh,Consumer,2024-12-25
C0988,Ananya Kumar,Female,62,Lucknow,Uttar Pradesh,Consumer,2022-06-06
C0989,Simran Yadav,Female,62,Indore,Madhya Pradesh,Small Business,2022-01-09
C0990,Vivaan Saini,Male,60,Kanpur,Uttar Pradesh,Small Business,2023-02-01
C0991,Pooja Kapoor,Male,50,Delhi,Delhi,Small Business,2022-01-24
C0992,Vivaan Saini,Female,44,Jaipur,Rajasthan,Consumer,2023-06-07
C0993,Neha Saini,Male,65,Amritsar,Punjab,Consumer,2025-12-26
C0994,Isha Gupta,Male,45,Surat,Gujarat,Consumer,2023-12-01
C0995,Rahul Nair,Male,49,Pune,Maharashtra,Consumer,2022-02-04
C0996,Priya Joshi,Female,30,Bengaluru,Karnataka,Consumer,2023-12-23
C0997,Rohan Kapoor,Male,54,Indore,Madhya Pradesh,Consumer,2022-11-17
C0998,Kavya Sharma,Male,57,Kochi,Kerala,Consumer,2025-06-04
C0999,Ananya Das,Female,51,Ludhiana,Punjab,Consumer,2022-05-13
C1000,Rohan Patel,Male,43,Mumbai,Maharashtra,Consumer,2025-01-30
